Topic #1,Topic #2,Topic #3,Topic #4,Topic #5,Topic #6,Topic #7,Topic #8,Topic #9,Topic #10,Topic #11,Topic #12,Topic #13,Topic #14,Topic #15
guide,retour,ubud,temple,gili,voyage,jungle,locale,villa,activite,beau,petit,tous,bord,voir
hotel,depart,nusa,riziere,batur,bali,detente baignade,quelques jour,piscine,cour,beau plage,charme,entre,mer,source
chauffeur,vol,amed,visite temple,mont batur,famille,ascension volcan,quelques,location villa,velo,plage,dejeuner,donc,bord mer,eau
jour,billet,munduk,riziere temple,mont,noce,baignade,culture,location,randonnee,beau paysage,petit dejeuner,culturelles,sejour,chaude
budget,peut,penida,temple riziere,sentier,voyage noce,volcan,vie,privee,aimons,plus beau,hotel charme,tous jour,fin,comme
plus,aout,nusa penida,cascade,ile gili,avance,jungle riziere,balinais,piscine privee,sportif,profiter,groupe,visite culturelles,fin sejour,etc
possible,nuit,tanah,singe,battu,enfant,ascension,cuisine,villa piscine,journee,profiter plage,petit groupe,meilleur,bord plage,plutot
chauffeur guide,deja,jatiluwih,village,sentier battu,deux,detente,culture balinais,hotel piscine,cour cuisine,paysage,inclus,ouvert,terre,pourquoi
chez,proposition,lot,foret singe,hors sentier,cette,volcan jungle,faune,,aussi,manger,vue,changer,partie,typique
chez habitant,juillet,tanah lot,lac,ile,semaine,riziere jungle,culture locale,,nature,paradisiaques,luxe,toutes,calme,exemple
